{"cameraMode":{"drawMode":0,"name":"Shaded","section":"Shading Mode"},"sceneLighting":true,"audioPlay":false,"sceneViewState":{"m_AlwaysRefresh":false,"showFog":true,"showSkybox":true,"showFlares":true,"showImageEffects":true,"showParticleSystems":true,"showVisualEffectGraphs":true,"m_FxEnabled":true},"in2DMode":false,"pivot":{"x":0.0002692372945602983,"y":-0.00004869038821198046,"z":-0.00008243416232289746},"rotation":{"x":0.02397192269563675,"y":0.9451936483383179,"z":-0.07131826877593994,"w":0.3177449405193329},"size":-0.00008267948578577489,"orthographic":false}