{"cameraMode":{"drawMode":0,"name":"Shaded","section":"Shading Mode"},"sceneLighting":true,"audioPlay":false,"sceneViewState":{"m_AlwaysRefresh":false,"showFog":true,"showSkybox":true,"showFlares":true,"showImageEffects":true,"showParticleSystems":true,"showVisualEffectGraphs":true,"m_FxEnabled":true},"in2DMode":false,"pivot":{"x":0.04671929404139519,"y":0.8036535382270813,"z":-0.9704146981239319},"rotation":{"x":0.1852346509695053,"y":-0.0014793025329709054,"z":0.0002703885838855058,"w":0.9827003479003906},"size":0.00021732051391154528,"orthographic":false}