{"cameraMode":{"drawMode":0,"name":"Shaded","section":"Shading Mode"},"sceneLighting":false,"audioPlay":false,"sceneViewState":{"m_AlwaysRefresh":false,"showFog":true,"showSkybox":false,"showFlares":true,"showImageEffects":true,"showParticleSystems":true,"showVisualEffectGraphs":true,"m_FxEnabled":true},"in2DMode":false,"pivot":{"x":-0.06024999916553497,"y":0.3529845178127289,"z":-0.30078986287117007},"rotation":{"x":0.09164441376924515,"y":0.028371479362249376,"z":-0.0026180329732596876,"w":0.995388388633728},"size":0.6446951031684876,"orthographic":false}