{"cameraMode":{"drawMode":0,"name":"Shaded","section":"Shading Mode"},"sceneLighting":false,"audioPlay":false,"sceneViewState":{"m_AlwaysRefresh":false,"showFog":true,"showSkybox":false,"showFlares":true,"showImageEffects":true,"showParticleSystems":true,"showVisualEffectGraphs":true,"m_FxEnabled":true},"in2DMode":false,"pivot":{"x":0.3122897744178772,"y":0.41519400477409365,"z":0.0016030410770326853},"rotation":{"x":0.08121775835752487,"y":0.008965469896793366,"z":-0.0007364840712398291,"w":0.9966599345207214},"size":0.8240755796432495,"orthographic":false}