{"cameraMode":{"drawMode":0,"name":"Shaded","section":"Shading Mode"},"sceneLighting":false,"audioPlay":false,"sceneViewState":{"m_AlwaysRefresh":false,"showFog":true,"showSkybox":false,"showFlares":true,"showImageEffects":true,"showParticleSystems":true,"showVisualEffectGraphs":true,"m_FxEnabled":true},"in2DMode":false,"pivot":{"x":0.017404545098543168,"y":0.3230716288089752,"z":0.03556334972381592},"rotation":{"x":0.04229775816202164,"y":0.0014941570116207004,"z":-0.0000691232125973329,"w":0.9991074204444885},"size":0.6765303611755371,"orthographic":false}